gene	mu1	mu2	s1	s2	n_variants
DNMT3A R882H	1.97E-08	1.11E-05	0.204155842	0.227721459	949
DNMT3A R882C	1.49E-08	8.44E-06	0.190116875	0.224237786	606
DNMT3A P904L	7.23E-09	1.01E-05	0.185473342	0.225923236	229
DNMT3A R736C	1.37E-08	7.32E-06	0.157371012	0.225032468	211
DNMT3A R771*	1.24E-08	1.11E-05	0.185960509	0.238105538	207
DNMT3A R326C	9.35E-09	1.10E-05	0.180257046	0.231711493	187
DNMT3A R736H	1.33E-08	8.97E-06	0.172127964	0.230171443	183
DNMT3A R598*	9.32E-09	8.95E-06	0.173023591	0.230268679	170
DNMT3A R320*	4.09E-08	1.12E-05	0.149629817	0.228815655	145