gene	mu1	mu2	s1	s2	n_variants
TET2	5.40E-08	9.08E-06	0.182391884	0.212637624	1895
ASXL1	8.98E-09	3.73E-05	0.169813419	0.127728495	624
PPM1D	4.66E-09	1.20E-05	0.189854305	0.203156176	235
U2AF1	1.27E-08	6.28E-06	0.160300485	0.229853331	183
YLPM1	2.45E-09	0.000115577	0.206209159	0.176853744	107
ZNF318	1.67E-08	7.29E-06	0.154538448	0.228937259	104
MYD88	2.01E-08	9.43E-06	0.146947448	0.212618906	102
GNAS	2.86E-09	1.08E-05	0.179176633	0.203967192	56